town,venues,websites,visible
Barking and Dagenham,12,0,12
Barnet,19,0,19
Barnsley,18,0,18
Bath and North East Somerset,17,0,17
Bedford,5,0,5
Bexley,12,0,12
Birmingham,43,0,43
Blackburn with Darwen,5,0,5
Blackpool,9,0,9
Bolton,15,0,15
"Bournemouth, Christchurch and Poole",24,0,24
Bracknell Forest,9,0,9
Bradford,36,0,36
Brent,13,0,13
Brighton and Hove,14,0,14
Bromley,15,0,15
Buckinghamshire,34,0,34
Bury,17,0,17
Calderdale,24,0,24
Cambridgeshire,48,0,48
Camden,13,0,13
Central Bedfordshire,13,0,13
Cheshire East,17,0,17
Cheshire West and Chester,29,0,29
City of Bristol,31,0,31
City of London,6,0,6
Cornwall,44,0,44
County Durham,44,0,18
Coventry,18,0,18
Croydon,14,0,13
Cumberland,42,0,42
Darlington,2,0,2
Derby,18,0,18
Derbyshire,48,0,47
Devon,53,0,47
Doncaster,26,0,10
Dorset Council,34,0,10
Dudley,18,0,5
Ealing,14,0,13
East Riding of Yorkshire,30,0,15
East Sussex,30,0,8
Enfield,17,0,17
Essex,92,0,40
Gateshead,17,0,6
Gloucestershire,42,0,37
Greenwich,15,0,4
Hackney,8,0,8
Halton,4,0,4
Hammersmith and Fulham,7,0,7
Hampshire,56,0,55
Haringey,10,0,10
Harrow,13,0,13
Hartlepool,9,0,9
Havering,10,0,10
Herefordshire,11,0,11
Hertfordshire,49,0,47
Hillingdon,19,0,19
Hounslow,11,0,11
Isle of Wight,13,0,13
Islington,11,0,10
Kensington and Chelsea,6,0,3
Kent,110,0,108
Kingston upon Hull,15,0,15
Kingston upon Thames,8,0,4
Kirklees,26,0,26
Knowsley,6,0,6
Lambeth,11,0,11
Lancashire,86,1,83
Leeds,53,0,52
Leicester,19,0,19
Leicestershire,57,0,57
Lewisham,14,0,14
Lincolnshire,65,0,65
Liverpool,23,0,23
Luton,11,0,11
Manchester,28,1,28
Medway,18,0,18
Merton,7,0,7
Middlesbrough,10,0,10
Milton Keynes,9,0,9
Newcastle upon Tyne,21,0,20
Newham,10,0,10
Norfolk,57,0,57
North East Lincolnshire,12,0,12
North Lincolnshire,17,0,17
North Northamptonshire,17,0,17
North Somerset,15,1,15
North Tyneside,19,0,19
North Yorkshire,43,0,42
Northumberland,40,0,40
Nottingham,19,0,19
Nottinghamshire,64,0,54
Oldham,13,0,9
Oxfordshire,53,0,25
Peterborough,12,0,4
Plymouth,17,0,6
Portsmouth,9,0,3
Reading,8,0,1
Redbridge,13,1,13
Redcar and Cleveland,13,0,3
Richmond upon Thames,15,0,14
Rochdale,19,0,10
Rotherham,15,0,7
Rutland,6,0,2
Salford,19,0,16
Sandwell,27,0,14
Sefton,14,0,1
Sheffield,30,0,17
Shropshire,26,0,12
Slough,8,0,8
Solihull,15,0,14
Somerset,35,0,33
South Gloucestershire,18,0,18
South Tyneside,13,0,13
Southampton,11,0,10
Southwark,16,0,16
St. Helens,15,0,14
Staffordshire,51,0,50
Stockport,17,0,17
Stockton-on-Tees,18,0,13
Stoke-on-Trent,22,0,4
Suffolk,52,0,15
Sunderland,21,0,12
Surrey,60,0,58
Sutton,11,0,11
Swindon,18,0,16
Tameside,15,0,15
Telford and Wrekin,11,0,11
Thurrock,10,0,8
Torbay,4,0,4
Tower Hamlets,8,0,8
Trafford,15,0,10
Wakefield,31,0,29
Walsall,17,0,17
Waltham Forest,11,0,10
Wandsworth,12,0,12
Warrington,14,0,14
Warwickshire,37,0,36
West Berkshire,10,0,10
West Northamptonshire,19,0,17
West Sussex,38,0,34
Westminster,14,0,13
Westmorland and Furness,32,0,31
Wigan,21,0,20
Wiltshire,34,0,32
Windsor and Maidenhead,19,0,4
Wirral,25,0,23
Wokingham,11,0,11
Wolverhampton,16,0,16
Worcestershire,23,0,18
York,20,0,20
