domain,venues,candidate_source
NO_WEBSITE,2539,
nationaltrust.org.uk,43,
museum.wales,33,Museum Wales
english-heritage.org.uk,24,
nts.org.uk,21,
historicenvironment.scot,10,
ironbridge.org.uk,10,Ironbridge Museums
glasgowlife.org.uk,7,Glasgow Libraries
edinburghmuseums.org.uk,6,
vam.ac.uk,6,V&A
liveborders.org.uk,6,
liverpoolmuseums.org.uk,5,National Museums Liverpool
rmg.co.uk,5,Royal Museums Greenwich
iwm.org.uk,5,Imperial War Museums
museums.norfolk.gov.uk,5,Norfolk Museums
culturenl.co.uk,4,
nms.ac.uk,4,National Museums Scotland
historicengland.org.uk,4,
bradfordmuseums.org,4,
birminghammuseums.org.uk,4,Birmingham Museums
eastayrshireleisure.com,4,
aberdeencity.gov.uk,4,Aberdeen Museums
hampshireculture.org.uk,4,Hampshire Cultural Trust
southendmuseums.co.uk,3,
lancashire.gov.uk,3,
museumsandgalleries.leeds.gov.uk,3,Leeds Museums
st-andrews.ac.uk,3,
stalbansmuseums.org.uk,3,
sites.google.com,3,
ucl.ac.uk,3,
cofgar.wales,3,
derbymuseums.org,3,
tameside.gov.uk,3,
denbighshire.gov.uk,3,
sheffieldmuseums.org.uk,3,Sheffield Museums
highlifehighland.com,3,
dgculture.co.uk,3,
hullmuseums.co.uk,3,
leicestermuseums.org,3,Leicester Museums
eastridingmuseums.co.uk,3,
museums.calderdale.gov.uk,3,
sussexpast.co.uk,3,
stockport.gov.uk,3,
museum.maidstone.gov.uk,3,
bristol.gov.uk,3,
rnli.org,3,
ltmuseum.co.uk,3,
lancashireminingmuseum.org,3,
cadw.gov.wales,2,
leeds.gov.uk,2,
visit-dorset.com,2,
swanseamuseum.co.uk,2,
amertonrailway.co.uk,2,
thesilkmuseum.co.uk,2,
cyfarthfa.co.uk,2,
northlanculture.co.uk,2,
thewardrobe.org.uk,2,
boltonlams.co.uk,2,
mullers.org,2,
shetlandamenity.org,2,
royalarmouries.org,2,
mcmanus.co.uk,2,
newcastlecastle.co.uk,2,
nmni.com,2,National Museums NI
barsailinst.org.uk,2,
ed.ac.uk,2,
andculture.org.uk,2,
armymuseums.org.uk,2,
kirklees.gov.uk,2,
museumsandcastles.wakefield.gov.uk,2,
bluebell-railway-museum.co.uk,2,
collections.reading.ac.uk,2,
iow.gov.uk,2,
postalmuseum.org,2,
visitmournemountains.co.uk,2,
lords.org,2,
ryemuseum.co.uk,2,
hcandl.co.uk,2,
cityoflondon.gov.uk,2,
monlife.co.uk,2,
devonmuseums.net,2,
geevor.com,2,
dundee.ac.uk,2,
wollatonhall.org.uk,2,
riponmuseums.co.uk,2,
lighthousemuseum.org.uk,2,
tainmuseum.org.uk,2,
jarrowhall.com,2,
sheringhamsociety.com,2,
northamptonshireheritageforum.co.uk,2,
en.powys.gov.uk,2,
shetlandmuseumandarchives.org.uk,2,
retrocollective.co.uk,2,
buckscountymuseum.org,2,
westlothian.gov.uk,2,
gla.ac.uk,2,
swheritage.org.uk,2,
stokemuseums.org.uk,2,
avoncroft.org.uk,2,
friendsofhoneywood.co.uk,2,
onfife.com,2,
earm.co.uk,2,
scotborders.gov.uk,2,
sheffield.ac.uk,2,
wsrht.co.uk,2,
canterburymuseums.co.uk,2,
wolverhamptonart.org.uk,2,
chelmsford.gov.uk,2,
bishopslydeardmill.co.uk,2,
shropshiremuseums.org.uk,2,
wookey.co.uk,2,
rbkc.gov.uk,2,
northamptonmuseums.com,2,
nhm.ac.uk,2,Natural History Museum
orkneymuseums.co.uk,2,
dglam.org.uk,2,
causewaycoastandglens.gov.uk,2,
abdn.ac.uk,2,
ledburycivicsociety.org,2,
collections.etoncollege.com,2,
gairlochmuseum.org,2,
harwich-society.co.uk,2,
nationalmotormuseum.org.uk,2,
lancaster.gov.uk,2,
visitessex.com,1,
manchesterjewishmuseum.com,1,
salmonbothy.org.uk,1,
museumofclassicsci-fi.com,1,
bowstreetmuseum.org.uk,1,
henry-moore.org,1,
dur.ac.uk,1,
beachyheadexperience.co.uk,1,
taysidepolicemuseum.org.uk,1,
dylanthomas.com,1,
dorchesterabbeymuseum.org.uk,1,
wesleysheritage.org.uk,1,
racmp.co.uk,1,
aucklandproject.org,1,
keepmilitarymuseum.org,1,
florence-nightingale.co.uk,1,
mslr.org.uk,1,
truecrimemuseum.co.uk,1,
bkrailway.co.uk,1,
twistmuseum.com,1,
felixstowemuseum.org,1,
droitwichheritagecentre.org.uk,1,
cuckfield.org,1,
nationalfootballmuseum.com,1,
essex.police.uk,1,
theboxplymouth.com,1,
visitworcestershire.org,1,
pitstonemuseum.co.uk,1,
museumoftechnology.org.uk,1,
sheremuseum.co.uk,1,
calneheritage.co.uk,1,
rsaf.org.uk,1,
tudorworld.com,1,
groamhouse.org.uk,1,
cenonline.org,1,
helenathompson.org.uk,1,
grandjurymuseum.uk,1,
ipswichmaritimetrust.org.uk,1,
london-fire.gov.uk,1,
anaesthetists.org,1,
stadiumtours.liverpoolfc.com,1,
glynnvivian.co.uk,1,
irvineburnsclub.org,1,
museumofrichmond.com,1,
gariochheritage.co.uk,1,
ludlowmuseum.co.uk,1,
nottinghamindustrialmuseum.co.uk,1,
anthonyburgess.org,1,
britishmuseum.org,1,British Museum
dylanthomasboathouse.com,1,
scottishmaritimemuseum.org,1,
ashfordmuseum.org.uk,1,
liverpoolbeatlesmuseum.com,1,
chippenham.gov.uk,1,
thelasttuesdaysociety.org,1,
whitchurchsilkmill.org.uk,1,
wycombemuseum.org.uk,1,
mevagisseymuseum.com,1,
wilderspinschool.org.uk,1,
scarboroughsmaritimeheritage.org.uk,1,
brickzmuseum.com,1,
ramsgatemaritimemuseum.org,1,
museumofcannockchase.org,1,
industrialtour.co.uk,1,
elsecar-heritage.com,1,
walthamstowpumphouse.org.uk,1,
thanet.gov.uk,1,
hywel-dda.co.uk,1,
northhertsmuseum.org,1,
sendandripleyhistorysociety.co.uk,1,
haverhillhistory.org.uk,1,
jscf.org.uk,1,
niwarmemorial.org,1,
museum.rcsed.ac.uk,1,
foscl.org.uk,1,
brutonmuseum.org.uk,1,
tudorhouse.org.uk,1,
themadmuseum.co.uk,1,
bromyardhistorysociety.org.uk,1,
highlandhouseoffraser.com,1,
burnsmuseum.org.uk,1,
tramway.co.uk,1,
historicrydesociety.com,1,
shakespearesschoolroom.org,1,
gloucestercivictrust.org,1,
fansmuseum.org,1,
wallingfordmuseum.org.uk,1,
shrewsburysteamtrust.co.uk,1,
charleston.org.uk,1,
rpharms.com,1,
arbeiaromanfort.org.uk,1,
scotsdgmuseum.com,1,
storringtonmuseum.com,1,
100bgmus.org.uk,1,
prescotmuseum.org.uk,1,
haddenham.net,1,
ddaycentre.com,1,
jennermuseum.com,1,
wigstonframeworkknitters.org.uk,1,
moyseshall.org,1,
angusalive.scot,1,
dimbola.co.uk,1,
hmag.org.uk,1,
robertowenmuseum.co.uk,1,
burntislandheritage.org.uk,1,
ynhm.org,1,
kelburnestate.com,1,
strumpshawsteammuseum.co.uk,1,
bunyanmeeting.co.uk,1,
corwenmuseum.org.uk,1,
divingmuseum.co.uk,1,
fashionmuseum.co.uk,1,
pewsey-heritage-centre.org.uk,1,
fossilgroveglasgow.org,1,
fishingheritage.com,1,
dinostar.co.uk,1,
hendredmuseum.org.uk,1,
fortperchrock.org.uk,1,
the-retro-zone.co.uk,1,
westblatchingtonwindmill.org,1,
worldrugbymuseum.com,1,
stromnessmuseum.org.uk,1,
cartandwagonshed.org,1,
quendalemill.co.uk,1,
elephantwest.art,1,
hsm.ox.ac.uk,1,
ldhp.org.uk,1,
visitthevale.com,1,
naheritage.co.uk,1,
cannon-hall.com,1,
treasuresoftheearth.co.uk,1,
museum.moulsdalefoundation.org,1,
bailiffgatemuseum.co.uk,1,
bankofengland.co.uk,1,
hocmuseum.org.uk,1,
brightontoymuseum.co.uk,1,
historylinks.org.uk,1,
south-ribble.co.uk,1,
steamtrainsireland.com,1,
themappamundi.co.uk,1,
uskmuseum.org,1,
chasewaterrailwaymuseum.blog,1,
abergavennymuseum.co.uk,1,
durham.ac.uk,1,
museumofbrands.com,1,
thebowesmuseum.org.uk,1,
henfieldmuseum.org,1,
loginrailwaystation.co.uk,1,
cumbriasmuseumofmilitarylife.org,1,
nwcomputermuseum.org.uk,1,
visitpembrokeshire.com,1,
fulneck.org.uk,1,
fetlar.org,1,
aspaceforus.club,1,
oldhousemuseum.org.uk,1,
royalwoottonbassett.gov.uk,1,
ribblesteam.org.uk,1,
rhts.co.uk,1,
chardmuseum.co.uk,1,
ashmolean.org,1,
laceguild.org,1,
sudburyheritagecentre.co.uk,1,
arsenal.com,1,
seeitdoitsunderland.co.uk,1,
hptramway.co.uk,1,
blackandwhitehouse.org,1,
baytrust.org.uk,1,
suffolkarchives.co.uk,1,
martonmuseum.co.uk,1,
dorsetmuseums.co.uk,1,
smithyheritagecentre.org.uk,1,
polegatewindmill.org,1,
theblackwatch.co.uk,1,
sammymiller.co.uk,1,
museumofwitchcraftandmagic.co.uk,1,
busheymuseum.org,1,
wheal-martyn.com,1,
mildenhallmuseum.co.uk,1,
livingmemoryhistoricalassociation.org,1,
lymmhic.co.uk,1,
dinosaurexpeditions.co.uk,1,
brantwood.org.uk,1,
catermuseum.co.uk,1,
cultybraggancamp.uk,1,
qbcentre.org.uk,1,
nortonpriory.org,1,
henllanpowcamp70.com,1,
thehigginsbedford.org.uk,1,
sandfordstation.co.uk,1,
dingwallmuseum.info,1,
dmm.org.uk,1,
towermuseumcollections.com,1,
waremuseum.org.uk,1,
johnpauljonesmuseum.com,1,
submarinecentre.org,1,
thorney-museum.org.uk,1,
suffolkaviationheritage.org,1,
ipswichmuseum.co.uk,1,
farnhammaltings.com,1,
datchworth.com,1,
evwat.co.uk,1,
cidermuseum.co.uk,1,
woodchurchheritagetrust.uk,1,
tredegarmasheritagecentre.org.uk,1,
durhamworldheritagesite.com,1,
rbge.org.uk,1,
hps.cam.ac.uk,1,
moothall.weebly.com,1,
moraymotormuseum.org,1,
marchmuseum.co.uk,1,
grosvenormuseum.westcheshiremuseums.co.uk,1,
worsbrough-mill.com,1,
ashdonvillagemuseum.co.uk,1,
lionsaltworks.westcheshiremuseums.co.uk,1,
windblowers.com,1,
kemptonsteam.org,1,
tankmuseum.org,1,
spacecentre.co.uk,1,
the-ropewalk.co.uk,1,
ksymuseum.org.uk,1,
crabmuseum.org,1,
vintagenoveltyamusements.co.uk,1,
classics.cam.ac.uk,1,
college-optometrists.org,1,
yourtrustrochdale.co.uk,1,
eorailway.co.uk,1,
ipswichtransportmuseum.co.uk,1,
purtonmuseumandhistoricalsociety.com,1,
merchantshallyork.org,1,
almondvalley.co.uk,1,
gtm.org.uk,1,
sfbheritagetrust.org,1,
whitstablemuseum.org,1,
royalirishfusiliersmuseum.com,1,
castletownheritage.co.uk,1,
paradoxmuseum.com,1,
fusiliermuseum.com,1,
1722waggonway.co.uk,1,
eastgrinsteadmuseum.org.uk,1,
dinosaurisle.com,1,
museumsincornwall.org.uk,1,
elginmuseum.org.uk,1,
cartoonmuseum.org,1,
cromarty-courthouse.org.uk,1,
coggeshallmuseum.org,1,
museumofoxford.org,1,
wanboroughgreatbarn.co.uk,1,
beckislemuseum.org.uk,1,
islamicexhibition.org,1,
towneley.org.uk,1,
storiesoflynn.co.uk,1,
zipworld.co.uk,1,
dartmoor-prison.co.uk,1,
nwamuseum.co.uk,1,
2av8.co.uk,1,
monmouthcastlemuseum.org.uk,1,
saddleworthmuseum.co.uk,1,
trinitybuoywharf.com,1,
radiocaroline.co.uk,1,
sidmouthmuseum.co.uk,1,
gressenhall.norfolk.gov.uk,1,
t-w-m.co.uk,1,
maa.cam.ac.uk,1,
gainsborough.org,1,
georgebesthouse.com,1,
hythe-tc.gov.uk,1,
elhamvalleylinetrust.org,1,
whichmuseum.com,1,
isleofluing.org,1,
stand-firm-strike-hard.org.uk,1,
rcm.ac.uk,1,
cne-siar.gov.uk,1,
senhousemuseum.co.uk,1,
maltonandnortonheritagecentre.com,1,
met.police.uk,1,
eskdalemill.co.uk,1,
thebritishengineerium.com,1,
handelhendrix.org,1,
aberdourculture.org.uk,1,
kingsbridgemuseum.org.uk,1,
wattsgallery.org.uk,1,
dacorumheritage.org.uk,1,
thomas-shop.co.uk,1,
rural-life.org.uk,1,
rsgb.org,1,
kettering.gov.uk,1,
wensleydale.co.uk,1,
fairfaxhouse.co.uk,1,
almonryevesham.org,1,
barnstapletowncouncil.gov.uk,1,
yorkcastlemuseum.org.uk,1,
museumofthebroads.org.uk,1,
palmuseumbristol.org,1,
gearrannan.com,1,
rafbradwellbay.co.uk,1,
mangapps.co.uk,1,
knutsfordheritage.co.uk,1,
dealmuseum.uk,1,
pottersbarmuseum.org.uk,1,
bassetlawmuseum.org.uk,1,
rustingtonmuseum.org,1,
brent.gov.uk,1,
northdevonmaritimemuseum.co.uk,1,
orfordmuseum.org.uk,1,
bentleypriorymuseum.org.uk,1,
puzzlingplace.co.uk,1,
themicromuseum.org,1,
thedinosaurmuseum.com,1,
suttonandwawnemuseum.org.uk,1,
goldhillmuseum.org.uk,1,
ctpg.co.uk,1,
nwm.org.uk,1,
bubblecarmuseum.co.uk,1,
coriniummuseum.org,1,
cramondheritage.org.uk,1,
cnam.org.uk,1,
stourbridgeglassmuseum.org.uk,1,
spri.cam.ac.uk,1,
muckleburgh.co.uk,1,
dalescountrysidemuseum.org.uk,1,
demorgan.org.uk,1,
newhavenfort.org.uk,1,
brlsi.org,1,
museum.west-midlands.police.uk,1,
visitnesm.org.uk,1,
waltonhallgardens.co.uk,1,
gamc.org.uk,1,
shoreham-aircraft-museum.co.uk,1,
millgreenmuseum.co.uk,1,
brynmawrmuseum.org.uk,1,
cogges.org.uk,1,
enysgardens.org.uk,1,
cricketmuseum.wales,1,
highgateschool.org.uk,1,
discovering42.co.uk,1,
moidart.org.uk,1,
museum-newtonabbot.org.uk,1,
stowmaries.org.uk,1,
catuk.org,1,
huflighttestmuseum.co.uk,1,
hampshireculturaltrust.org.uk,1,
portsmouthnaturalhistory.co.uk,1,
peterheadprisonmuseum.com,1,
bictongardens.co.uk,1,
newcastle-staffs.gov.uk,1,
experiencewoodhorn.com,1,
marlowmuseum.org,1,
gosporthaz.org.uk,1,
clunyhousegardens.com,1,
croftonbeamengines.org,1,
museumofgloucester.co.uk,1,
norrismuseum.org.uk,1,
northingsfarmmuseum.co.uk,1,
sciencemuseum.org.uk,1,Science Museum
meaa.org.uk,1,
eyam-museum.org.uk,1,
theatkinson.co.uk,1,
southwoldsailorsreadingroom.co.uk,1,
lydiardpark.org.uk,1,
cotswoldmotoringmuseum.co.uk,1,
aycliffe-bus.com,1,
islaymuseum.org,1,
the-bay-museum.co.uk,1,
worldofglass.com,1,
chainbridgeforge.co.uk,1,
porthcawlmuseum.com,1,
shellmuseum.org.uk,1,
war-experience.org,1,
iwsteamrailway.co.uk,1,
locomotion.org.uk,1,
battleofbritainmemorial.org,1,
barnetmuseum.co.uk,1,
bathworldheritage.org.uk,1,
stonehurstfarm.co.uk,1,
southwoldrailway.co.uk,1,
silverstonemuseum.co.uk,1,
torfaenmuseum.org.uk,1,
glenn-brown.co.uk,1,
inverclyde.gov.uk,1,
lincsaviation.co.uk,1,
pengellytrust.org,1,
dollarmuseum.org.uk,1,
warhorsevalley.co.uk,1,
nuneatonandbedworth.gov.uk,1,
stroudtextiletrust.org.uk,1,
canveyislandheritagecentre.wordpress.com,1,
sallymitchell.com,1,
timespan.org.uk,1,
walsinghamabbey.com,1,
brading.gov.uk,1,
wottonheritage.com,1,
exeter.gov.uk,1,
fifefolkmuseum.org,1,
soane.org,1,
swtan.cymru,1,
cheltenhammuseum.org.uk,1,
fordgreenhall.org.uk,1,
jimclarktrust.com,1,
twmuseums.org.uk,1,
wmag.culturewarrington.org,1,
eileenhickeymuseum.com,1,
enginemuseum.org,1,
pfoa.co.uk,1,
this-museum-is-not-obsolete.com,1,
klondyke.co.uk,1,
london.mocomuseum.com,1,
stevenage.gov.uk,1,
laidhay.co.uk,1,
bradfordonavonmuseum.co.uk,1,
axminsterheritage.org,1,
halesworthmuseum.org.uk,1,
sytm.co.uk,1,
cuparheritage.org.uk,1,
whimple.org,1,
davidstowmemorialmuseum.co.uk,1,
saltash.org,1,
epsom-ewell.gov.uk,1,
ashbymuseum.org.uk,1,
colnevalleymuseum.org.uk,1,
kingstonheritage.org.uk,1,
wellingtonplace.co.uk,1,
epwortholdrectory.org.uk,1,
kesr.org.uk,1,
museum.maritimearchaeologytrust.org,1,
techniquest.org,1,
jamaicainn.co.uk,1,
elmbridgemuseum.org.uk,1,
leatherheadhistory.org,1,
life.org.uk,1,
dorsetcountymuseum.org,1,
jbbanks.co.uk,1,
lilliputmuseum.net,1,
bishopshouse.org.uk,1,
bellingham-heritage.org.uk,1,
ravenspoint.net,1,
heritage.rcpsg.ac.uk,1,
cranbrookmuseum.org,1,
bewcastle.com,1,
durhamcathedral.co.uk,1,
redwings.org.uk,1,
shapinsay.org.uk,1,
buckfast.org.uk,1,
yorkstmarys.org.uk,1,
peakrail.co.uk,1,
smithartgalleryandmuseum.co.uk,1,
bath-at-work.org.uk,1,
whisky.dufftown.co.uk,1,
padstowmuseum.co.uk,1,
clangunnsociety.org,1,
gardenmuseum.org.uk,1,
harrismuseum.org.uk,1,
museum.zoo.cam.ac.uk,1,
coastalmuseum.org,1,
windermerejetty.org,1,
dickensmuseum.com,1,
cynonvalleymuseum.wales,1,
carnegiebirthplace.com,1,
derbyscc.org.uk,1,
eastkintyre.org,1,
innerpeffraylibrary.co.uk,1,
southwestyorkshire.nhs.uk,1,
tddt.org.uk,1,
johngraycentre.org,1,
museumofshakespeare.org.uk,1,
mhas.org.uk,1,
donnachaidh.com,1,
sigbox.co.uk,1,
brindleysmill.co.uk,1,
talgarthmill.com,1,
tetburypolicemuseum.org.uk,1,
dolphincentre.whales.org,1,
trimontium.co.uk,1,
londonbusmuseum.com,1,
worldgolfmuseum.com,1,
merl.reading.ac.uk,1,
rncm.ac.uk,1,
aberdeensciencecentre.org,1,
dovertransportmuseum.org.uk,1,
alderfordmill.org.uk,1,
lostentityparanormal.com,1,
mayflowermuseum.co.uk,1,
tiptree.com,1,
fwheritage.co.uk,1,
sedgwickmuseum.org,1,
rottingdeanheritage.org.uk,1,
beamish.org.uk,1,
skelmorliesecretbunker.co.uk,1,
spinnersmill.co.uk,1,
scotfishmuseum.org,1,
castlehousemuseum.org.uk,1,
tonbridgecastle.org,1,
kentfirefightingmuseum.org.uk,1,
williamsontunnels.co.uk,1,
whitbymuseum.org.uk,1,
fairlynchmuseum.uk,1,
hogarthshouse.org,1,
bartshealth.nhs.uk,1,
ssgreatbritain.org,1,
crossness.org.uk,1,
redcross.org.uk,1,
heronmill.org,1,
wyjs.org.uk,1,
peacemakersmuseumderry.com,1,
ellislandfarm.co.uk,1,
vaginamuseum.co.uk,1,
toymuseumwales.co.uk,1,
dissmuseum.co.uk,1,
rhf.org.uk,1,
greatnorthernclassics.co.uk,1,
bcwm.org.uk,1,
southseacastle.co.uk,1,
belongheritagegallery.org.uk,1,
tutburymuseum.org,1,
vindolanda.com,1,
glastonburyabbey.com,1,
greenhamtower.org.uk,1,
normanbyhall.co.uk,1,
museumofpolicingincheshire.org.uk,1,
weymouthmuseum.org.uk,1,
hac.org.uk,1,
desboroughheritagecentre.co.uk,1,
horniman.ac.uk,1,Horniman Museum
towcestermuseum.co.uk,1,
blaenavonmuseum.wixsite.com,1,
salvationarmy.org.uk,1,
buscotpark.cricketclubwebsite.com,1,
papastourhcg.org,1,
kbmt.org.uk,1,
bugatti-trust.co.uk,1,
crawfordjohn.org,1,
portsunlightvillage.com,1,
castledoningtonmuseum.org.uk,1,
coffinworks.org,1,
pitzhanger.org.uk,1,
avroheritagemuseum.co.uk,1,
armyflying.com,1,
laurencesternetrust.org.uk,1,
museumofbatharchitecture.org.uk,1,
wakefield.gov.uk,1,
ram.ac.uk,1,
mrssmithscottage.com,1,
briggheritage.org,1,
nhrm.co.uk,1,
haveringmuseum.org.uk,1,
westernapproaches.org.uk,1,
horwichheritage.co.uk,1,
patrickcollection.org,1,
papplewickpumpingstation.org.uk,1,
eastmidlandsaeropark.org,1,
colintraiveheritagecentreargyll.uk,1,
madametussauds.com,1,
memorialscrollstrust.org,1,
museumofabernethy.co.uk,1,
ravenglassrailwaymuseum.co.uk,1,
donnisonschool.org.uk,1,
retrocomputermuseum.co.uk,1,
orcadianstone.co.uk,1,
westhighlandmuseum.org.uk,1,
suffolkpunchtrust.org,1,
willastoninwirralresidents.org,1,
museumofcambridge.org.uk,1,
knightonmuseum.org,1,
midlandairmuseum.co.uk,1,
qrlnymuseum.co.uk,1,
oneren.org,1,
ribchestermuseum.org,1,
visitnorthlincolnshire.com,1,
ashwellmuseum.org.uk,1,
fitzroyhouse.org,1,
staffindinosaurmuseum.com,1,
williamsonartgallery.org,1,
milestonesmuseum.org.uk,1,
thebeacon-whitehaven.co.uk,1,
evmt.org.uk,1,
slbi.org.uk,1,
discoverymuseum.org.uk,1,
thehamiltontoycollection.co.uk,1,
arrancoast.com,1,
sheringhammuseum.co.uk,1,
sirjohnbarrowcottage.co.uk,1,
harringtonmuseum.org.uk,1,
dinosaurland.co.uk,1,
bungaymuseum.co.uk,1,
nwhgeopark.com,1,
gcrn.co.uk,1,
prestonparkmuseum.co.uk,1,
bridgnorthmuseum.org.uk,1,
antrimandnewtownabbey.gov.uk,1,
silkmacclesfield.org.uk,1,
dunblanemuseum.org.uk,1,
greenhowards.org.uk,1,
wimbledon.com,1,
cyclemuseum.org.uk,1,
lakelandmuseum.org.uk,1,
experience-barnsley.com,1,
cliftonpark.org.uk,1,
rafingham.co.uk,1,
romanalcester.org,1,
wimbledonmuseum.org.uk,1,
townmill.org.uk,1,
eastlancsrailway.org.uk,1,
radstockmuseum.co.uk,1,
cornwallatwarmuseum.co.uk,1,
bristolmuseums.org.uk,1,
midnorfolkrailway.co.uk,1,
museumofeastdorset.co.uk,1,
radarmuseum.co.uk,1,
conwy.gov.uk,1,
southwestairfields.co.uk,1,
station146seething.uk,1,
museum.constantinecornwall.com,1,
dudsonmuseum.vast.org.uk,1,
culturetrust.com,1,
amgueddfasyrhenryjones.org.uk,1,
wealddown.co.uk,1,
smethwick.org.uk,1,
thehighlandersmuseum.com,1,
kingsownmuseum.com,1,
coam.org.uk,1,
downrail.co.uk,1,
dalkeithhistorysociety.co.uk,1,
gwrmuseumcoleford.co.uk,1,
quexmuseum.org,1,
brooklandsmuseum.com,1,
kbobm.org,1,
19princeletstreet.org.uk,1,
johnbuchanstory.co.uk,1,
rbwm.gov.uk,1,
prestongrange.org,1,
guildford.gov.uk,1,
blandfordtownmuseum.org.uk,1,
colytonheritagecentre.org,1,
simt.co.uk,1,
stonehaventolbooth.co.uk,1,
museuminthepark.org.uk,1,
langhamdome.org,1,
tate.org.uk,1,
lancashirepolicemuseum.co.uk,1,
theetchescollection.org,1,
royallogisticcorps.co.uk,1,
foodmuseum.org.uk,1,
jewishmuseum.org.uk,1,
cowperandnewtonmuseum.org.uk,1,
tutankhamun-exhibition.co.uk,1,
bradfordpolicemuseum.com,1,
holsworthymuseum.co.uk,1,
royalyachtbritannia.co.uk,1,
moretonmotormuseum.co.uk,1,
gordonhighlanders.com,1,
archives.wigan.gov.uk,1,
amht.org.uk,1,
skiptontownhall.co.uk,1,
northyorks.gov.uk,1,
inthefootstepsofthomaspaine.com,1,
strettonwatermill.westcheshiremuseums.co.uk,1,
wwt.org.uk,1,
athelstanmuseum.org.uk,1,
houseforanartlover.co.uk,1,
isleofwightglassmuseum.org.uk,1,
greatdunmowmaltings.uk,1,
breamorehouse.com,1,
worcestermasonicmuseum.co.uk,1,
rocsmuseum.wordpress.com,1,
museummfw.com,1,
scienceandmediamuseum.org.uk,1,
abertilleryanddistrictmuseum.org.uk,1,
clockmakers.org,1,
airsciences.org.uk,1,
kegworthmuseum.org.uk,1,
hertfordmuseum.org,1,
foundlingmuseum.org.uk,1,
clansmancentre.uk,1,
bronte.org.uk,1,
portmm.org,1,
amershammuseum.org,1,Amersham Museum
winchelsea.com,1,
boroughofpoole.com,1,
discoversouthkesteven.com,1,
houseoffrankenstein.com,1,
qrhmuseum.com,1,
middlesbrough.gov.uk,1,
harlowmuseum.com,1,
tomboftheeagles.co.uk,1,
seamills100.co.uk,1,
kinlochhistoricalsociety.co.uk,1,
lutonculture.com,1,
saltairecollection.org,1,
tockettsmillcountrypark.co.uk,1,
britishlistedbuildings.co.uk,1,
sherbornemuseum.com,1,
hillingdon.gov.uk,1,
lutterworthmuseum.org,1,
terracottawarriors.co.uk,1,
9th12thlancersmuseum.org,1,
mkcdc.org.uk,1,
ornc.org,1,
paralympicheritage.org.uk,1,
biggarmuseumtrust.co.uk,1,
clare-ancient-house-museum.co.uk,1,
greatbritishcarjourney.com,1,
wandle.org,1,
wallacecollection.org,1,
royalanglianregiment.com,1,
wtm.org.uk,1,
llangollenmotormuseum.co.uk,1,
erewashmuseum.co.uk,1,
classicboatmuseum.com,1,
sherlock-holmes.co.uk,1,
yorkarmymuseum.co.uk,1,
westrayheritage.co.uk,1,
himleyhallandpark.co.uk,1,
carisbrookecastlemuseum.org.uk,1,
e-v-r.com,1,
dollhousemuseums.com,1,
topforge.co.uk,1,
psni.police.uk,1,
odiham-society.org,1,
visitnorthumberland.com,1,
worldofwedgwood.com,1,
leighsociety.com,1,
pitlochryandmoulinheritagecentre.co.uk,1,
surreymuseums.org.uk,1,
belleekpottery.ie,1,
bar-convent.org.uk,1,
wirral.gov.uk,1,
mortehoemuseum.org.uk,1,
greattapestryofscotland.com,1,
newport.gov.uk,1,
braintreemuseum.co.uk,1,
cardiffmuseum.com,1,
spitfirevisitorcentre.co.uk,1,
perthmuseum.co.uk,1,
sittingbourne-museum.co.uk,1,
arranmuseum.co.uk,1,
horshammuseum.org,1,
slateislands.org.uk,1,
farleyshouseandgallery.co.uk,1,
sunderlandtrust.com,1,
ww1remembrancecentre.uk,1,
brentwoodmuseum.uk,1,
museumfreemasonry.org.uk,1,
royalberkshire.nhs.uk,1,
montacutemuseum.co.uk,1,
rafburtonwoodheritagecentre.co.uk,1,
diseworthcentre.org,1,
squareandcompasspub.co.uk,1,
easdalemuseum.org,1,
solway-aviation-museum.co.uk,1,
steyningmuseum.org.uk,1,
britishschoolsmuseum.org.uk,1,
burrellcollection.com,1,
buildingcentre.co.uk,1,
storibrymbo.co.uk,1,
swam.museum,1,
irchesterrailwaymuseum.co.uk,1,
kingarthursgreathalls.co.uk,1,
brighton-hove-rpml.org.uk,1,
milfordhouse.org.uk,1,
miltonscottage.org,1,
wickheritage.org,1,
clunmuseum.org.uk,1,
swaledalemuseum.org,1,
vestryhousemuseum.org.uk,1,
royalcornwallmuseum.org.uk,1,
catalyst.org.uk,1,
tivertonmuseum.org.uk,1,
adgefrin.co.uk,1,
hants.gov.uk,1,
largsmuseum.org,1,
nmes.org,1,
liskeardmuseum.com,1,
jacktherippermuseum.com,1,
wheatleyhillheritagecentre.org.uk,1,
otleycycleclub.co.uk,1,
arundelmuseum.org,1,
fossilsgalore.com,1,
lythamhall.org.uk,1,
corfecastletowntrust.co.uk,1,
pembrokemuseum.wales,1,
herschelmuseum.org.uk,1,
tourism.rctcbc.gov.uk,1,
trg.ed.ac.uk,1,
visit.bodleian.ox.ac.uk,1,
rigb.org,1,
bridportmuseum.co.uk,1,
museumofthehome.org.uk,1,
spanglefish.com,1,
pendonmuseum.com,1,
boveytracey.gov.uk,1,
forncettsteammuseum.co.uk,1,
cobbatoncombat.co.uk,1,
ullapoolmuseum.co.uk,1,
winkiescastle.co.uk,1,
landofiron.org.uk,1,
museumofcomputing.org.uk,1,
dmoft.co.uk,1,
longshopmuseum.co.uk,1,
salcombemuseum.org.uk,1,
longhopelifeboatmuseum.org,1,
nationalcivilwarcentre.com,1,
cimuseums.org.uk,1,
wiltshiremuseum.org.uk,1,
theamelia.co.uk,1,
maryrose.org,1,
tenterdenmuseum.co.uk,1,
llandudnomuseum.co.uk,1,
topolskicentury.org.uk,1,
bhrw.org.uk,1,
salisburymuseum.org.uk,1,
radiocommunicationmuseum.org,1,
museumsintheyorkshiredales.co.uk,1,
emsworthmuseum.org.uk,1,
gallery.southwales.ac.uk,1,
musicalmuseum.co.uk,1,
weststow.org,1,
stosythmuseum.co.uk,1,
weaverhall.westcheshiremuseums.co.uk,1,
leisureandculturedundee.com,1,
medway.gov.uk,1,
liverpool.ac.uk,1,
orkney.gov.uk,1,
bentley.org.uk,1,
sunderland.gov.uk,1,
slaidburnarchive.org,1,
mardenhistory.org.uk,1,
kelvinhall.org.uk,1,
octaviahill.org,1,
cornishtin.com,1,
wmahm.org.uk,1,
grassingtonfolkmuseum.org.uk,1,
history.rcplondon.ac.uk,1,
broadwaymuseum.org.uk,1,
phm.org.uk,1,
heughbattery.co.uk,1,
northeastmuseums.org.uk,1,
mmu.ac.uk,1,
northantsironstonerailway.co.uk,1,
poolelifeboats.org.uk,1,
nationalholocaustcentre.net,1,
iconpainter.org.uk,1,
dunbeath-heritage.org.uk,1,
nationallobsterhatchery.co.uk,1,
lochness.com,1,
lochgoin.org,1,
prm.ox.ac.uk,1,
crumlinroadgaol.com,1,
imminghammuseum.wordpress.com,1,
millhousecider.com,1,
drjohnsonshouse.org,1,
cinemamuseum.org.uk,1,
mathsworld.com,1,
calderdaleindustrial.co.uk,1,
museumofpower.org.uk,1,
warwickshire-yeomanry-museum.co.uk,1,
meltonmuseum.org,1,
zetlandlifeboat.co.uk,1,
thefolly.org.uk,1,
annan.org.uk,1,
rainhilltrials.co.uk,1,
burfordtolsey.org,1,
torquaysdinosaurworld.co.uk,1,
sofo.org.uk,1,
smashotcottages.com,1,
royalsignalsshop.com,1,
fakenhamgasmuseum.com,1,
bl.uk,1,
eelpiemuseum.co.uk,1,
littledeanjail.com,1,
clovelly.co.uk,1,
bloxhammuseum.com,1,
rgjmuseum.co.uk,1,
combemartinmuseum.co.uk,1,
soas.ac.uk,1,
newburnmotormuseum.weebly.com,1,
306bg.co.uk,1,
redcarcleveland.co.uk,1,
wirelessinwales.org.uk,1,
wingsmuseum.co.uk,1,
museum.rhbay.co.uk,1,
crannog.co.uk,1,
hatfieldbunker.co.uk,1,
beaulieu.co.uk,1,
horsforthvillagemuseum.wordpress.com,1,
discovernorthernireland.com,1,
museumstjohn.org.uk,1,
cramptontower.co.uk,1,
sturminsternewton-museum.co.uk,1,
haynesmotormuseum.com,1,
segedunumromanfort.org.uk,1,
peacemuseum.org.uk,1,
staithes-museum.org.uk,1,
halesworthairfieldmuseum.co.uk,1,
bluepooltearooms.co.uk,1,
mertonpriory.org,1,
theguardsmuseum.com,1,
wemysscaves.org,1,
bamhurn.org,1,
cheshiremilitarymuseum.org.uk,1,
derwentart.com,1,
nothefort.org.uk,1,
aerospacebristol.org,1,Aerospace Bristol
heptonstall.org,1,
thurrock.gov.uk,1,
littlehall.org.uk,1,
dudley.gov.uk,1,
buzzrail.uk,1,
yrysgwrn.com,1,
craigavonhistoricalsociety.org.uk,1,
dundeesciencecentre.org.uk,1,
clifftownconservationsociety.org.uk,1,
ceuig.co.uk,1,
lanark.co.uk,1,
folkestonemuseum.co.uk,1,
thetudorhousemuseumupton.org,1,
skyemuseum.co.uk,1,
dunwichmuseum.org.uk,1,
middleportpottery.org,1,
ruddington-museum.org.uk,1,
raggedschoolmuseum.org.uk,1,
highlandmuseumofchildhood.org.uk,1,
ilfracombemuseum.co.uk,1,
lancashireinfantrymuseum.org.uk,1,
bedworth-society.co.uk,1,
harristweedandknitwear.co.uk,1,
policemuseum.org.uk,1,
thedockyard.co.uk,1,
winchcombemuseum.org.uk,1,
mothershipton.co.uk,1,
mocft.co.uk,1,
whittleseymuseum.co.uk,1,
frogmorepapermill.org.uk,1,
west-dunbarton.gov.uk,1,
eastsurreymuseum.org.uk,1,
visitmonmouthshire.com,1,
alfredcorry.co.uk,1,
earthtrust.org.uk,1,
bowesrailway.uk,1,
blandfordfashionmuseum.co.uk,1,
rememuseum.org.uk,1,
balmoralcastle.com,1,
haslemeremuseum.co.uk,1,
ancienthouse.norfolk.gov.uk,1,
hmsgangesmuseum.org.uk,1,
bodminjail.org,1,
nrm.org.uk,1,
ehive.com,1,
sirmaxaitkenmuseum.org,1,
meremuseum.org,1,
computermuseum.org.uk,1,
keele.ac.uk,1,
hebridespeople.com,1,
rwfmuseum.org.uk,1,
killhope.org.uk,1,
westberkshireheritage.org,1,
holstvictorianhouse.org.uk,1,
nationaljusticemuseum.org.uk,1,
athollcountrylifemuseum.co.uk,1,
maryportmaritimemuseum.btck.co.uk,1,
hornseamuseum.co.uk,1,
dunsfoldcollection.co.uk,1,
soldiersofshropshire.co.uk,1,
menaibridges.co.uk,1,
lightroom.uk,1,
bodmin.gov.uk,1,
eden.gov.uk,1,
scienceoxford.com,1,
gardencitymuseum.org,1,
harwichmayflower.com,1,
narboroughhistory.org.uk,1,
sandwichguildhallmuseum.co.uk,1,
nhbt.org.uk,1,
hedonmuseumsite.wordpress.com,1,
nra.org.uk,1,
nationalminingmuseum.com,1,
kraftinwood.com,1,
westshedmuseum.com,1,
cliftonbridge.org.uk,1,
abingdon.gov.uk,1,
museumofhomelessness.org,1,
claytonhall.org,1,
canalsideheritagecentre.org.uk,1,
stivesmuseum.co.uk,1,
tavistockmuseum.co.uk,1,
hmsunicorn.org.uk,1,
narberthmuseum.co.uk,1,
poomuseum.org,1,
nantwichmuseum.org.uk,1,
platthall.org,1,
berkshireyeomanrymuseum.co.uk,1,
islington.gov.uk,1,
jorvikvikingcentre.co.uk,1,
leachpottery.com,1,
heartsfc.co.uk,1,
coldharbourmill.org.uk,1,
louthmuseum.org.uk,1,
brighton-hove.gov.uk,1,
angleseytransportmuseum.co.uk,1,
panaceamuseum.org,1,
tickets.wolves.co.uk,1,
waterandsteam.org.uk,1,
stneotsmuseum.org.uk,1,
wtm.uk,1,
landsend-landmark.co.uk,1,
bhmm.org.uk,1,
portlandmuseum.co.uk,1,
pktoc.co.uk,1,
sswc.co.uk,1,
barber.org.uk,1,
rumstory.co.uk,1,
miltonkeynesmuseum.org.uk,1,
visitmagna.co.uk,1,
elizabethgaskellhouse.co.uk,1,
westkilbridemuseum.org.uk,1,
tredegarmuseum.co.uk,1,
eppingforestdc.gov.uk,1,
kohimamuseum.co.uk,1,
roystonmuseum.org.uk,1,
jetagemuseum.org,1,
gwynedd.llyw.cymru,1,
nairnmuseum.co.uk,1,
thamemuseum.org,1,
purbeckminingmuseum.org,1,
crick.ac.uk,1,
strawberryfieldliverpool.com,1,
orkney.com,1,
honitonmuseum.co.uk,1,
creditonhistory.org.uk,1,
bonessmotormuseum.co.uk,1,
dovermuseum.co.uk,1,
crawleymuseums.org,1,
ryhopeengines.org.uk,1,
museumoffreederry.org,1,
tarbat-discovery.co.uk,1,
orangeheritage.co.uk,1,
romanarmymuseum.com,1,
guntonparksawmill.co.uk,1,
penrynhistory.co.uk,1,
cusworthhall.co.uk,1,
clearwellcaves.com,1,
outerhebridesheritage.org.uk,1,
fairfieldgovan.co.uk,1,
beckfordstower.org.uk,1,
cromwellmuseum.org,1,
edfenergy.com,1,
hopetowndarlington.co.uk,1,
thewindinghouse.co.uk,1,
plymrail.co.uk,1,
southwoldmuseum.org,1,
bawdseyradar.org.uk,1,
newarkairmuseum.org,1,
royalleicestershireregiment.org.uk,1,
better.org.uk,1,
dockmuseum.org.uk,1,
doverymanormuseum.org.uk,1,
llangollenmuseum.org.uk,1,
theroyalscots.co.uk,1,
lakelandmotormuseum.co.uk,1,
riba.org,1,
exhibitions.lib.cam.ac.uk,1,
coventrywatchmuseum.co.uk,1,
bugad.com,1,
campbeltownheritagecentre.co.uk,1,
pendleheritage.co.uk,1,
carnforthstation.co.uk,1,
householdcavalry.co.uk,1,
1940sswansea.co.uk,1,
museumslondon.org,1,
milfordhavenmuseum.co.uk,1,
timemachineuk.com,1,
pannmill.org.uk,1,
whitchurch-heritage.co.uk,1,
strachursmiddy.org.uk,1,
lymeregismuseum.co.uk,1,
eghammuseum.org,1,
tenburymuseum.org.uk,1,
heartoflincs.com,1,
jane-austens-house-museum.org.uk,1,
storiel.cymru,1,
conwyrailwaymuseum.co.uk,1,
thecastlebude.co.uk,1,
livelifeaberdeenshire.org.uk,1,
mallaigheritage.org.uk,1,
castlepointtransportmuseum.co.uk,1,
newbigginmaritimecentre.org,1,
dorkingmuseum.org.uk,1,
firebrigadesofsurreypreservationtrust.webs.com,1,
stalbansorgantheatre.org.uk,1,
westonmuseum.org,1,
pism.org.uk,1,
benjaminfranklinhouse.org,1,
visitsouthsomerset.com,1,
lashendenairwarfaremuseum.co.uk,1,
steam-museum.org.uk,1,
massonmills.co.uk,1,
cravencollection.co.uk,1,
hunterianmuseum.org,1,
liv.ac.uk,1,
falkirkleisureandculture.org,1,
williammorrissociety.org,1,
baylemuseum.co.uk,1,
wisbechmuseum.org.uk,1,
roalddahlmuseum.org,1,
hunstantoncivicsociety.org.uk,1,
ruskinmuseum.com,1,
mountfitchetcastle.com,1,
rafhornchurch.com,1,
morganmuseum.org.uk,1,
mullmuseum.org.uk,1,
dennyfarmlandmuseum.org.uk,1,
weobley.org,1,
britairliners.org,1,
taigh-chearsabhagh.org,1,
fipt.org.uk,1,
wylamparishcouncil.org.uk,1,
elymuseum.org.uk,1,
becclesmuseum.org.uk,1,
fonfa.co.uk,1,
fashiontextilemuseum.org,1,
ipswich.cimuseums.org.uk,1,
minstergatehouse.co.uk,1,
tpppl.wordpress.com,1,
holyheadmaritimemuseum.co.uk,1,
flintshire.gov.uk,1,
maltonmuseum.co.uk,1,
buckinghamoldgaol.org.uk,1,
londonmuseum.org.uk,1,
dartmouthmuseum.org,1,
strathnavermuseum.org.uk,1,
murtonpark.co.uk,1,
towerbridge.org.uk,1,
museumartswindon.com,1,
museumofyouthculture.com,1,
cardiffcastle.com,1,
lowestoftmaritimemuseum.co.uk,1,
laurel-and-hardy.co.uk,1,
sidmouthtoymuseum.com,1,
thecharterhouse.org,1,
americanmuseum.org,1,
abbeycwmhir.org,1,
greatormemines.info,1,
poohcorner.co.uk,1,
flintham-museum.org.uk,1,
fulhampalace.org,1,
thenvm.org,1,
carshaltonwatertower.co.uk,1,
gillinghammuseum.co.uk,1,
berneramuseum.wixsite.com,1,
aviationmuseum.net,1,
inverarayjail.co.uk,1,
gravesham.gov.uk,1,
scottishcanals.co.uk,1,
cardiffcastlemuseum.org.uk,1,
deanheritagecentre.org,1,
rocks-by-rail.org,1,
blairsmuseum.com,1,
derbycomputermuseum.co.uk,1,
ventnorheritage.org.uk,1,
glasgowsciencecentre.org,1,
suffolkregimentmuseum.co.uk,1,
ellenroad.org.uk,1,
margatemuseum.org,1,
cmsm.co.uk,1,
torringtonmuseum.org.uk,1,
gracehillvillage.org,1,
monkton-reserve.org,1,
apedale.co.uk,1,
warnertextilearchive.co.uk,1,
royalacademy.org.uk,1,
mrvacuumcleaner.co.uk,1,
penleehouse.org.uk,1,
designmuseum.org,1,
renishaw-hall.co.uk,1,
highlandparkwhisky.com,1,
bdcmuseum.org.uk,1,
nortoncollectionmuseumtrust.org.uk,1,
pkporthcurno.com,1,
cobhammill.org.uk,1,
topshammuseum.org.uk,1,
vintagecarriagestrust.org,1,
wzlet.org,1,
derwentvalleymills.org,1,
butemuseum.org.uk,1,
poldarkmine.org.uk,1,
eastridingculture.co.uk,1,
wellingtoncollection.co.uk,1,
valencehousecollections.co.uk,1,
portsmouthcitymuseums.co.uk,1,
carpetmuseum.co.uk,1,
redbridge.gov.uk,1,
dadsarmythetford.org.uk,1,
spelthornemuseum.org,1,
paradata.org.uk,1,
riflemansmuseum.co.uk,1,
greensmill.org.uk,1,
tulliehouse.co.uk,1,
testingworks.org.uk,1,
charlotteville.co.uk,1,
fortyhallestate.co.uk,1,
rct.uk,1,
crystalpalacepark.org.uk,1,
standrewsmuseum.com,1,
marksintime.marksandspencer.com,1,
hackgreen.co.uk,1,
creswell-crags.org.uk,1,
darfieldmuseum.co.uk,1,
craftysewer.com,1,
harboroughmuseum.org.uk,1,
gainsboroughheritage.co.uk,1,
kwvr.co.uk,1,
visitpendle.com,1,
oakhamtreasures.co.uk,1,
kingedwardmine.co.uk,1,
oundlemuseum.org.uk,1,
scarboroughmuseumsandgalleries.org.uk,1,
boscombedownaviationcollection.co.uk,1,
mousa.co.uk,1,
lightdragoons.org.uk,1,
wimbledonwindmill.org.uk,1,
elstree-museum.org.uk,1,
holkham.co.uk,1,
arts.ac.uk,1,
atwellwilson.org.uk,1,
mbeam.org,1,
dorichhousemuseum.org.uk,1,
ionaheritage.co.uk,1,
co-operativeheritage.coop,1,
waterworksmuseum.org.uk,1,
swanagemuseum.org.uk,1,
sicktodeath.org,1,
dynamicearth.org.uk,1,
kirkbystepheneast.co.uk,1,
clink.co.uk,1,
rmwcollection.co.uk,1,
thewhitaker.org,1,
thirskmuseum.org,1,
lawnmowerworld.co.uk,1,
soundmuseum.co.uk,1,
scottishfootballmuseum.org.uk,1,
bletchleypark.org.uk,1,
canalmuseum.org.uk,1,
birmingham.ac.uk,1,
hullbullnoseheritagegroup.co.uk,1,
worcsyeomanry.com,1,
brightonmuseums.org.uk,1,
cameratrust.org,1,
woburnheritagemuseum.co.uk,1,
blackburnmuseum.org.uk,1,
tudorhouseandgarden.com,1,
castlepoint.gov.uk,1,
fishingquarter.co.uk,1,
cotesbachschoolhouse.org.uk,1,
rnpsa.co.uk,1,
favershamsociety.org,1,
visit.hillbrush.com,1,
verdantworks.co.uk,1,
southendpiermuseum.co.uk,1,
fleetwoodmuseum.co.uk,1,
letchworth.com,1,
weymouthcivicsociety.org,1,
northlincolnshiremuseum.co.uk,1,
sinaiparkhouse.co.uk,1,
burwellmuseum.org.uk,1,
museumonthemound.com,1,
thebraid.com,1,
newhavenhistoricalsociety.org.uk,1,
threlkeldquarryandminingmuseum.co.uk,1,
nmrn.org.uk,1,
twotempleplace.org,1,
britishcommercialvehiclemuseum.com,1,
ashridgehouse.org.uk,1,
woodbridgetidemill.org.uk,1,
statfold.com,1,
creweheritagecentre.org,1,
wightaviationmuseum.org.uk,1,
scoutadventures.org.uk,1,
heritagequay.org,1,
fileymuseum.co.uk,1,
bottishamairfieldmuseum.org.uk,1,
bosworthbattlefield.org.uk,1,
norfolk-motorcycle-museum.business.site,1,
prickwillowmuseum.com,1,
manutd.com,1,
johnmooremuseum.org,1,
scienceandindustrymuseum.org.uk,1,
aldbourneheritage.org.uk,1,
csm.org.uk,1,
kentmomi.org,1,
wellcomecollection.org,1,
rhdr.org.uk,1,
foxfieldrailway.co.uk,1,
herefordshiremuseumsupport.org.uk,1,
dundeeheritagetrust.co.uk,1,
boston.gov.uk,1,
blankethall.co.uk,1,
bangor.ac.uk,1,
museumofscottishrailways.org.uk,1,
tangwickhaa.org.uk,1,
daventrymuseum.org.uk,1,
redfernscottage.org,1,
essex-fire.gov.uk,1,
armitt.com,1,
midhurstmuseumandtearooms.co.uk,1,
thesouthasiacollection.co.uk,1,
obanmuseum.org.uk,1,
musselburghmuseum.org.uk,1,
iwbusmuseum.org.uk,1,
raptcmuseum.co.uk,1,
twickenham-museum.org.uk,1,
oldoperatingtheatre.com,1,
chertseymuseum.org,1,
frameworkknittersmuseum.org.uk,1,
eureka.org.uk,1,
nwmort.co.uk,1,
charlesdickensbirthplace.co.uk,1,
garrisonhousecumbrae.com,1,
agriculturalmuseumbrook.org.uk,1,
greenwichheritage.org,1,
southmoltonmuseum.org,1,
kylestationmuseum.org,1,
boxrockcircus.org.uk,1,
timeforgeorge.co.uk,1,
salfordmuseum.com,1,
malvernmuseum.co.uk,1,
heathrobinsonmuseum.org,1,
auchindrain.org.uk,1,
spitfiremuseum.org.uk,1,
russell-cotes.bournemouth.gov.uk,1,
kildonanmuseum.co.uk,1,
galleriesofjustice.org.uk,1,
hartlepoolsmaritimeexperience.com,1,
nationalstonecentre.org.uk,1,
farnboroughcentrifuge.org.uk,1,
hexpek.co.uk,1,
sambrooksbrewery.co.uk,1,
thenovium.org,1,
libraries.sutton.gov.uk,1,
bexhillmuseum.org.uk,1,
brandonheritage.org.uk,1,
holburne.org,1,
royalgunpowdermills.com,1,
visitantrimandnewtownabbey.com,1,
no1royalcrescent.org.uk,1,
museumsworcestershire.org.uk,1,
teddybearmuseum.co.uk,1,
weardalemuseum.co.uk,1,
bate.ox.ac.uk,1,
thomaspoolelibrary.org.uk,1,
medicalmuseum.org.uk,1,
stcecilias.ed.ac.uk,1,
grassicgibbon.com,1,
helecornmill.com,1,
nentheadmines.com,1,
langwithheritage.wordpress.com,1,
iosmuseum.org,1,
palacehousenewmarket.co.uk,1,
outofthehat.org.uk,1,
deanforestrailway.co.uk,1,
visitarmagh.com,1,
chatterismuseum.org.uk,1,
hirselhomestead.co.uk,1,
wbct.co.uk,1,
brucecastle.org,1,
nam.ac.uk,1,
chch.ox.ac.uk,1,
helimuseum.com,1,
strethamoldengine.com,1,
cooper-gallery.com,1,
burtonartgallery.co.uk,1,
eastchurchaviationmuseum.org.uk,1,
queenboroughguildhallmuseum.co.uk,1,
jmbt.org.uk,1,
sevenoaksmuseum.org.uk,1,
bucksrailcentre.org,1,
aagm.co.uk,1,
museum.manchester.ac.uk,1,
museum.westlancsfreemasons.org.uk,1,
torquaymuseum.org,1,
nidderdalemuseum.com,1,
landoflegends.wales,1,
captaincookschoolroommuseum.co.uk,1,
portsmouthmuseums.co.uk,1,
elingexperience.co.uk,1,
eyemouthmuseum.co.uk,1,
janeausten.co.uk,1,
freud.org.uk,1,
dehavillandmuseum.co.uk,1,
baldockhistory.org.uk,1,
lowestoftmuseum.org,1,
aniodhlann.org.uk,1,
southshieldsmuseum.org.uk,1,
chiseldonlhg.org.uk,1,
beaminstermuseum.co.uk,1,
gleneskretreat.scot,1,
waryearsremembered.co.uk,1,
sleafordmuseum.org.uk,1,
visitgunnersbury.org,1,
burnbyhallgardens.com,1,
glensidemuseum.org.uk,1,
otleymuseum.org,1,
thebrunelmuseum.com,1,
millomhac.co.uk,1,
bewdleymuseum.co.uk,1,
stainedglassmuseum.com,1,
swaffhammuseum.co.uk,1,
museumoftimekeeping.org.uk,1,
douglasheritagemuseum.co.uk,1,
architecture.com,1,
cambrianrailways.com,1,
wmgallery.org.uk,1,
museumofbathstone.org,1,
oldlowlight.co.uk,1,
bognormuseum.org,1,
worldofjamesherriot.com,1,
herefordshirelightinfantrymuseum.com,1,
ourchartistheritage.co.uk,1,
kendalmuseum.org.uk,1,
inschmuseum.org.uk,1,
ford-and-etal.co.uk,1,
colchester.cimuseums.org.uk,1,
bishopsteigntonheritage.co.uk,1,
wigan.gov.uk,1,
dugdaleartscentre.co.uk,1,
celticharmony.org,1,
marketlavingtonmuseum.org.uk,1,
cslewis.org,1,
w5online.co.uk,1,
romseysignalbox.org.uk,1,
eatransportmuseum.co.uk,1,
metheringhamairfield.co.uk,1,
pwrrqueensmuseum.co.uk,1,
transport-museum.com,1,
invergordonmuseum.co.uk,1,
theherbert.org,1,
withernsealighthouse.co.uk,1,
theddaystory.com,1,
charlesburrellmuseum.org.uk,1,
judgeslodging.org.uk,1,
behind-the-radar.co.uk,1,
rushdenmuseum.co.uk,1,
wethecurious.org,1,
chiswickhouseandgardens.org.uk,1,
merseamuseum.org.uk,1,
tangmere-museum.org.uk,1,
oldhaa.com,1,
shetlandtextilemuseum.com,1,
modip.ac.uk,1,
tewkesburymuseum.org,1,
yorkschocolatestory.com,1,
discover.eureka.org.uk,1,
mosaicrooms.org,1,
etruriamuseum.org.uk,1,
computinghistory.org.uk,1,
stanstedtoymuseum.com,1,
re-museum.co.uk,1,
ournottinghamshire.org.uk,1,
burghhouse.org.uk,1,
museumofcroydon.com,1,
hlchaps.weebly.com,1,
invernesscastle.scot,1,
leeds-castle.com,1,
tarvesheritage.org.uk,1,
yorkminster.org,1,
sandtoft.org,1,
ashmuseum.org.uk,1,
migrationmuseum.org,1,
battlelocalhistory.com,1,
museumforwatton.org.uk,1,
tnmoc.org,1,
rrflondon.2day.uk,1,
woodbridgemuseum.com,1,
tooleysboatyard.co.uk,1,
thefanmuseum.org.uk,1,
britishmotormuseum.co.uk,1,
militaryintelligencemuseum.org,1,
egypt.swan.ac.uk,1,
sgsoc.org,1,
peakmines.co.uk,1,
dewaromanexperience.co.uk,1,
readingmuseum.org.uk,1,
hadhammuseum.org.uk,1,
congletonmuseum.co.uk,1,
tringlocalhistorymuseum.org.uk,1,
bahamas45596.co.uk,1,
glenfinnanstationmuseum.co.uk,1,
worcestershireandmercianregimentmuseum.org,1,
sloughmuseum.co.uk,1,
southportecocentre.com,1,
visitlancaster.org.uk,1,
leonardsleegardens.co.uk,1,
rafmuseum.org.uk,1,
fencingmuseum.com,1,
oumnh.ox.ac.uk,1,
cambridgesciencecentre.org,1,
museumofscottishfireheritage.org,1,
royal-irish.com,1,
nottinghamcastle.org.uk,1,
taylorbells.co.uk,1,
stlawrencechapel.org.uk,1,
cookmuseumwhitby.co.uk,1,
wordsworth.org.uk,1,
hw.ac.uk,1,
bmmt.co.uk,1,
solentsky.org,1,
visitscotland.com,1,
keswickmuseum.org.uk,1,
tvlb.org,1,
heritagehenley.org.uk,1,
heyshamheritage.org.uk,1,
kcl.ac.uk,1,
devilsporridge.org.uk,1,
nationalsikhmuseum.com,1,
narrowgaugerailwaymuseum.org.uk,1,
trinityhouse.co.uk,1,
barleyhall.co.uk,1,
lincolnmuseum.com,1,
lostwithielmuseum.org,1,
redbournmuseum.org,1,
womensmuseum.org.uk,1,
daera-ni.gov.uk,1,
gilbertwhiteshouse.org.uk,1,
belpernorthmill.org.uk,1,
polperro.org,1,
kidwellyindustrialmuseum.org.uk,1,
armaghrobinsonlibrary.co.uk,1,
ilkleytoymuseum.co.uk,1,
fort-victoria.co.uk,1,
yateheritage.co.uk,1,
leadminingmuseum.co.uk,1,
hawleytoolcollection.com,1,
kriii.com,1,
richardfelix.co.uk,1,
queerbritain.org.uk,1,
tolpuddlemartyrs.org.uk,1,
newforestheritage.org.uk,1,
cameramuseum.uk,1,
warleyca.co.uk,1,
bembridgeheritage.org.uk,1,
stradlingcollection.org,1,
hovercraft-museum.org,1,
museumoftechnology.com,1,
merrythought.co.uk,1,
engleseabrook.org.uk,1,
purfleet-hmc.org,1,
whitewebbsmuseum.co.uk,1,
discoverdownham.org.uk,1,
gatesheadmill.co.uk,1,
yorkshiremuseum.org.uk,1,
bathmedicalmuseum.org,1,
nantgarwchinaworksmuseum.co.uk,1,
motgm.uk,1,
bilsthorpemuseum.co.uk,1,
cheddletonflintmill.com,1,
discovering-distilleries.com,1,
beatlesstory.com,1,
southmillarts.co.uk,1,
oxfordillusionmuseum.com,1,
aylshamheritage.com,1,
dursleyhc.org.uk,1,
storymuseum.org.uk,1,
eastlothian.gov.uk,1,
exmouthmuseum.co.uk,1,
tamarprotectionsociety.org.uk,1,
internalfire.com,1,
aboutbritain.com,1,
gmpmuseum.co.uk,1,
scarboroughfaircollection.com,1,
fellponymuseum.org.uk,1,
lolcmuseumofpopculture.co.uk,1,
trentparkhouse.org.uk,1,
valiantsoldier.org.uk,1,
cottagemuseum.co.uk,1,
barrowhill.org,1,
dennissevershouse.co.uk,1,
saxmundhammuseum.org.uk,1,
storipowys.org.uk,1,
falconermuseum.co.uk,1,
sharpespotterymuseum.org.uk,1,
yorkshireccc.com,1,
livingmemory.org.uk,1,
rpsl.org.uk,1,
old-byre.co.uk,1,
thegovanstones.org.uk,1,
airworldmuseum.com,1,
seacitymuseum.co.uk,1,
visitbelfast.com,1,
hackney-museum.hackney.gov.uk,1,
bexley.gov.uk,1,
